{
  "spatial_points": 64,
  "time_points": 64,
  "leader_density_stats": {
    "mean": 0.02285832352936268,
    "std": 0.047353871166706085,
    "min": -0.01849435269832611,
    "max": 0.20000000298023224
  },
  "follower_density_stats": {
    "mean": 0.05922870710492134,
    "std": 0.196904718875885,
    "min": -0.06989406049251556,
    "max": 0.800000011920929
  }
}