{
  "spatial_points": 64,
  "time_points": 64,
  "leader_density_stats": {
    "mean": 0.021606270223855972,
    "std": 0.04898639768362045,
    "min": -0.031666021794080734,
    "max": 0.20000000298023224
  },
  "follower_density_stats": {
    "mean": 0.06266491860151291,
    "std": 0.19506430625915527,
    "min": -0.06920400261878967,
    "max": 0.800000011920929
  }
}