{
  "spatial_points": 64,
  "time_points": 64,
  "leader_density_stats": {
    "mean": 0.041015446186065674,
    "std": 0.05512339994311333,
    "min": 0.0038469540886580944,
    "max": 0.2051461637020111
  },
  "follower_density_stats": {
    "mean": 0.12519995868206024,
    "std": 0.2284296602010727,
    "min": 0.011252475902438164,
    "max": 0.8058874011039734
  }
}