{
  "spatial_points": 64,
  "time_points": 64,
  "leader_density_stats": {
    "mean": 0.01698606088757515,
    "std": 0.050086285918951035,
    "min": -0.03877748176455498,
    "max": 0.20000000298023224
  },
  "follower_density_stats": {
    "mean": 0.06145099550485611,
    "std": 0.19568301737308502,
    "min": -0.06950065493583679,
    "max": 0.800000011920929
  }
}