{
  "spatial_points": 64,
  "time_points": 64,
  "leader_density_stats": {
    "mean": 0.019124286249279976,
    "std": 0.04822469875216484,
    "min": -0.018144894391298294,
    "max": 0.20000000298023224
  },
  "follower_density_stats": {
    "mean": 0.06711351126432419,
    "std": 0.19349226355552673,
    "min": -0.06938160955905914,
    "max": 0.800000011920929
  }
}