{
  "spatial_points": 64,
  "time_points": 64,
  "leader_density_stats": {
    "mean": -0.05525534227490425,
    "std": 0.09293824434280396,
    "min": -0.15875031054019928,
    "max": 0.20000000298023224
  },
  "follower_density_stats": {
    "mean": 0.0758693739771843,
    "std": 0.24324148893356323,
    "min": -0.02087475173175335,
    "max": 0.800000011920929
  }
}